후보ID,원본 영상ID,원본 제목,게스트,구간(원본),길이(초),유형,게이트,게이트 메모,게스트 발화 비중,추정 순위,제목(추천),상단 1줄,상단 2줄,대안 제목,근거 발언(게스트),초안 파일,PD 결정,거부 사유코드,최종 제목,업로드일,쇼츠 URL,관련 동영상 연결,D+1 조회수,D+7 조회수,메모,제목 출처
Znq9NiNWx1M_S2,Znq9NiNWx1M,"삼성전자에 큰돈 걸었어요, 결국 무섭게 오를 겁니다 [권영화 교수 1부]",권영화 교수,3:32–3:56 + 20:01–20:11,35,이어 붙임 2조각,민감 요소 있음,"""무조건 사세요""는 게스트가 한 말이 아닙니다(게스트: ""삼성이 먼저 더 가지 않을까""). 시총 큰 종목이라 PD 기준상 괜찮은 쪽입니다. SK하이닉스 주가를 낮게 보는 전망이 함께 들어갑니다.","약 97% (진행자는 ""아, 그래요?""만)",1,지금 무조건 삼성전자 사세요 하이닉스보다 큰 돈 벌 겁니다 [권영화 교수],지금 무조건 삼성전자 사세요,하이닉스보다 큰 돈 벌 겁니다,곧 반도체 판도 180도 뒤집힌다 / 삼성 vs SK하이닉스 이렇게 됩니다,내년 되면 이제 역전이 된다 / 이미 HBM5도 삼성이 먼저 샘플을 출시했습니다 / 삼성이 먼저 더 가지 않을까,,,,,,,,,,"구간 시각 추정치(클라우드 초안). 두 조각 모두 앞의 ""근데 이제""를 빼고 ""SK하이닉스는…"", ""이미 HBM5도…""로 시작합니다. 16분 떨어진 조각이라 이음새에서 카메라가 바뀝니다.",선도|경제원탑|cawSN78A7VA|122766회 채널 기준 2.51배|원문 그대로|삼전이야 닉스야? 왜 삼전이 더 번다는 거야?
Znq9NiNWx1M_S9,Znq9NiNWx1M,"삼성전자에 큰돈 걸었어요, 결국 무섭게 오를 겁니다 [권영화 교수 1부]",권영화 교수,19:10–19:52 + 20:11–20:21,52,이어 붙임 2조각,민감 요소 있음,"""위기""는 진행자 말이고, 게스트는 ""크게 오를 거 같진 않습니다""라고만 답합니다. 게스트가 말하지 않은 방향까지 진행자가 말하는 인상인지 PD님 판단이 필요합니다. SK하이닉스 주가를 낮게 보는 전망입니다.",약 62% (진행자 질문 두 번). 질문을 줄여 시작하면 약 69%,2,반도체 기업 출신이 말하는 지금 하이닉스 위기인 이유 [권영화 교수],반도체 기업 출신이 말하는,지금 하이닉스 위기인 이유,SK가 반도체 1등이 될 수 없는 이유,한 모델에 나오면은 3년 정도 가거든요. 그 기간 동안에는 절대 안 바꿉니다 / 한번 져 버리면 그 모델에서는 지는 겁니다 / 크게 오를 거 같진 않습니다,,,,,,,,,,"구간 시각 추정치(클라우드 초안). 진행자 질문을 ""삼성전자가 이렇게 역전을 하듯이""부터 시작할 수 있는지 음성으로 확인합니다(되면 약 47초). 사이의 ""HBM5 샘플"" 대목은 S2에 씁니다. 19:42 ""왜냐면 리스크가…"" 한 문장은 60초를 넘을 때만 뺍니다.",자사 쇼츠|부읽남TV|poLYAnEwYiQ|359079회|단어 교체(삼성전자 출신 → 반도체 기업 출신)|하이닉스가 왜 위기야? 팔아야 돼?
Znq9NiNWx1M_S3,Znq9NiNWx1M,"삼성전자에 큰돈 걸었어요, 결국 무섭게 오를 겁니다 [권영화 교수 1부]",권영화 교수,5:11–5:24 + 6:00–6:23,36,이어 붙임 2조각,민감 요소 있음,"""안 팔고 버티면""이 삼성전자 보유 권유로 읽힐 수 있습니다(시총 큰 종목).","약 95% (진행자 ""개인들도 파나요?"")",3,삼성전자 지금 안 팔고 버티면 장기적으로 '이렇게' 될 겁니다 [권영화 교수],삼성전자 지금 안 팔고 버티면,장기적으로 '이렇게' 될 겁니다,공포에 다 던지기 시작했다 / 무서워도 꼭 '이렇게' 대비하세요,"개인들은 많이 팔았죠, 예금으로 많이 옮겨갔어요 / 장기적으로 3년 정도 본다면 반드시 실적이 좋아지는 기업은 주가는 우상향한다. 이건 진리거든요",,,,,,,,,,"구간 시각 추정치(클라우드 초안). 첫 조각은 문장이 끝나는 ""…이동하지 않았나?""에서 끊습니다. 진행자의 ""추석 뒤 들어가기 무섭다"" 질문과 37만 원 회고는 빼고 ""그런데 이제 앞으로 실적이…""로 바로 잇습니다. 15:56 ""치고 빠지지 마라""(보류)와 답이 같아 이쪽을 올렸습니다.",자사 롱폼|인터뷰|xMdBsg2JWO4|252663회 자사 배수 5.12|원문 그대로|버티면 어떻게 되는데? 올라?
Znq9NiNWx1M_S8,Znq9NiNWx1M,"삼성전자에 큰돈 걸었어요, 결국 무섭게 오를 겁니다 [권영화 교수 1부]",권영화 교수,16:23–17:50,58,단일(중간 컷),민감 요소 있음,"문구가 발언보다 셉니다. 게스트는 ""망했다""가 아니라 ""아직 못 한다, 한계가 있다""고 했고, ""악재가 터졌다""에 해당하는 사건은 구간에 없습니다.",약 83% (진행자 질문 10초),4,결국 사상 최악의 악재 터졌다 싹다 망해버린 중국 반도체 [권영화 교수],결국 사상 최악의 악재 터졌다,싹다 망해버린 중국 반도체,미국이 반도체 전쟁으로 / 중국을 막을 수 있을까,중국 기업들이 아직 못 합니다 / 샘플 수준입니다 / EUV 장비가 중국에는 못 들어가요,,,,,,,,,,"구간 시각 추정치(클라우드 초안). 진행자의 ""중국이 점유율을 늘리면 급락 요인 아니냐""로 열고 ""EUV 장비가 중국에는 못 들어가요. 한계가 있는 거죠.""에서 끝냅니다. 추정 58초라 60초를 넘으면 ""아무리 빨라도…"" 한 문장을 뺍니다.",선도|웅달책방|uGgkOog2fJA|137207회 채널 기준 5.34배|원문 그대로|중국 반도체에 무슨 일? 망했어?
Znq9NiNWx1M_S6,Znq9NiNWx1M,"삼성전자에 큰돈 걸었어요, 결국 무섭게 오를 겁니다 [권영화 교수 1부]",권영화 교수,10:50–11:28,39,단일,민감 요소 있음,"""내년 영업이익 500조""는 수치가 박힌 전망입니다.",약 69% (진행자 걱정 질문 12초),5,삼성전자 조짐이 심상치 않습니다 어마어마한 일 터질 겁니다 [권영화 교수],삼성전자 조짐이 심상치 않습니다,어마어마한 일 터질 겁니다,삼전 닉스 역대급 돈 버는데 / 투자자들이 의심하는 이유,4분기는 아마 더 좋아질 겁니다 / 내년 되면은 영업이익이 500조 훨씬 넘는다,,,,,,,,,,"구간 시각 추정치(클라우드 초안). 끝 문장이 자막에 ""반영이 될 수 없는 거죠. 아직까지는.""으로 들어가 있습니다. 실제 음성(""수밖에 없는"", ""안 된"")을 확인해 자막을 맞춥니다.",자사 롱폼|인터뷰|5_8OtNUIC7g|434103회 자사 배수 6.73|원문 그대로|삼전에 무슨 일? 폭등?
Znq9NiNWx1M_S1,Znq9NiNWx1M,"삼성전자에 큰돈 걸었어요, 결국 무섭게 오를 겁니다 [권영화 교수 1부]",권영화 교수,1:27–1:41 + 11:28–12:04,50,이어 붙임 2조각,민감 요소 없음,,"약 74% (진행자 ""아 사요"", 지수·외국인 질문)",6,삼성전자 외국인 투자자들이 다 팔고 떠났다고요? 아니요 [권영화 교수],삼성전자 외국인 투자자들이,다 팔고 떠났다고요? 아니요,외국인 '이 주식'만 쓸어담았다 / 주가 앞으로 무서울 겁니다,외국인들이 많이 팔고 했는데 오늘부터 또 샀더라고요 / 삼성이 실적이 좋아진다 그러면 분명히 들어올 겁니다,,,,,,,,,,"구간 시각 추정치(클라우드 초안). 첫 조각 앞의 ""그리고 또""는 빼고 ""어제인가요?""부터 씁니다. ""오늘부터 샀다""는 촬영일(추석 전) 기준이라, 올리는 날이 늦으면 어색할 수 있습니다.",자사 쇼츠|부읽남TV|WZqXlrgvGSM|564877회|원문 그대로|외국인이 다 팔고 떠났다며? 삼전 끝났어?
Znq9NiNWx1M_S4,Znq9NiNWx1M,"삼성전자에 큰돈 걸었어요, 결국 무섭게 오를 겁니다 [권영화 교수 1부]",권영화 교수,6:29–7:14,45,단일,민감 요소 있음,"""폭락""은 게스트 표현이 아닙니다(""10만 원 정도 빠졌죠""는 진행자, 게스트는 ""지친 거죠"").","약 72% (진행자 질문, ""10만 원 정도 빠졌죠"")",7,삼성전자 SK하이닉스 주가 폭락하는 이유 [권영화 교수],삼성전자 SK하이닉스,주가 폭락하는 이유,30만전자 이젠 끝났다? / 정말 솔직하게 말씀드릴게요,"최근에 변수가 많이 흔들린 이유는 실적하고는 관계없어요 / 유가, 전쟁 이슈, 고점론 때문에 흔들렸던 거거든요",,,,,,,,,,"구간 시각 추정치(클라우드 초안). 구간 안의 숫자(37만 원, 10만 원)는 삼성전자 이야기입니다. 1줄을 「삼성전자」로 줄여도 됩니다.",자사 쇼츠|부읽남TV|-A3GAfKh1JY|915127회|원문 그대로|왜 폭락했어? 반도체 끝난 거야?
Znq9NiNWx1M_S7,Znq9NiNWx1M,"삼성전자에 큰돈 걸었어요, 결국 무섭게 오를 겁니다 [권영화 교수 1부]",권영화 교수,14:35–15:37,56,단일(중간 컷),민감 요소 있음,"""저라면 안 팝니다""는 게스트 말이 아닙니다(게스트: ""5년 동안은 일단은 문제가 없을 것 같습니다"").",약 84%,8,삼성전자 하이닉스 언제 팔까? 저라면 '이때까지' 안 팝니다 [권영화 교수],삼성전자 하이닉스 언제 팔까?,저라면 '이때까지' 안 팝니다,반도체 사이클 아직 안 끝났습니다 / 지금 던지면 무조건 후회합니다,빅테크 기업들이 5년 동안은 투자를 한다는 전제로 / 5년 동안은 일단은 문제가 없을 것 같습니다,,,,,,,,,,"구간 시각 추정치(클라우드 초안). 09-24에 올라간 권영화 교수 쇼츠 「AI 반도체 수요가 언제 끝날지 모르는 이유」(pT5b1csWPQs, 4,648회)가 이 구간일 수 있습니다. 같다면 문구를 바꿔 다시 올릴지 정해 주세요. 첫 진행자 질문의 ""선방향한다""는 자막이 불분명해 음성 확인이 필요합니다.",자사 롱폼|인터뷰|yl6uBw64zig|93126회 자사 배수 2.07|원문 그대로|언제까지 들고 있어야 돼? 언제 팔아?
Znq9NiNWx1M_S5,Znq9NiNWx1M,"삼성전자에 큰돈 걸었어요, 결국 무섭게 오를 겁니다 [권영화 교수 1부]",권영화 교수,7:14–7:58,44,단일,민감 요소 있음,"""앞으로도 아마 올릴 가능성이 큽니다""(미국 금리 전망)가 들어갑니다.","약 57% (진행자 질문 두 번, 약 19초)",9,"금리 인상, 오히려 호재? 삼전닉스 또 가나 [권영화 교수]","금리 인상, 오히려 호재?",삼전닉스 또 가나,,이미 예상됐던 거거든요 / 실적이 훨씬 더 상쇄하고 남는 거죠,,,,,,,,,,"구간 시각 추정치(클라우드 초안). 게스트 비중이 60%에 못 미칩니다. 질문→답이 두 번 오가는 흐름이라 자연스럽습니다. 게스트는 ""호재""까지는 말하지 않고 ""상쇄하고 남는다""로 답합니다.",선도|삼프로tv|-rdWdJl-REE|317954회 채널 기준 4.55배|원문 그대로|금리 올렸는데 호재라고? 삼전닉스 또 가?
